id	Targets	Context	Definition	POS	Type	Real_Contexts	Generated_Definition
en.trial.1	beautiful	It 's beautiful outside , let 's go for a walk .	Pleasant ; clear .	adjective	synonym/antonym-based	It 's beautiful outside , let 's go for a walk . What is the definition of beautiful?	Very good ; excellent ; excellent.
en.trial.2	cocktail	a cocktail of illegal drugs	A mixture of other substances or things .	noun	hypernym-based	a cocktail of illegal drugs What is the definition of cocktail?	A mixture of different substances.
en.trial.3	institutionalized	It is very difficult to get bureaucracies to abandon their institutionalized practices .	Having been established as an institution .	adjective	paraphrastic	It is very difficult to get bureaucracies to abandon their institutionalized practices . What is the definition of institutionalized?	Having been established in a particular institution.
en.trial.4	menial	The world was awake to the 2nd of May , but Mayfair is not the world , and even the menials of Mayfair lie long abed .	A servant , especially a domestic servant .	noun	hypernym-based	The world was awake to the 2nd of May , but Mayfair is not the world , and even the menials of Mayfair lie long abed . What is the definition of menial?	A person who is not a professional, professional, or professional.
en.trial.5	seek	Not long ago , it was difficult to produce photographs of tiny creatures with every part in focus.A photo processing technique called focus stacking has changed that . Developed as a tool to electronically combine the sharpest bits of multiple digital images , focus stacking is a boon to biologists seeking full focus on a micron scale .	To try to find ; to look for ; to search for .	verb	paraphrastic	Not long ago , it was difficult to produce photographs of tiny creatures with every part in focus.A photo processing technique called focus stacking has changed that . Developed as a tool to electronically combine the sharpest bits of multiple digital images , focus stacking is a boon to biologists seeking full focus on a micron scale . What is the definition of seek?	To want, to desire.
en.trial.6	embed	After some unnecessary , producer-pleasing expository text , he opens the movie in close-up on the back of a camo combat helmet Sharpied in Vietnam-style graffiti , effectively embedding the viewer with a bedraggled squad of human soldiers—armed with assault rifles , sawed-off shotguns , and crossbows—as they inch toward the stake-wall of Caesar 's compound in an attempt to bust through , only to be met with deadly clumps of Amazonian arrows and smoky flung projectiles .	To include in surrounding matter .	verb	hypernym-based	After some unnecessary , producer-pleasing expository text , he opens the movie in close-up on the back of a camo combat helmet Sharpied in Vietnam-style graffiti , effectively embedding the viewer with a bedraggled squad of human soldiers—armed with assault rifles , sawed-off shotguns , and crossbows—as they inch toward the stake-wall of Caesar 's compound in an attempt to bust through , only to be met with deadly clumps of Amazonian arrows and smoky flung projectiles . What is the definition of embed?	To enclose or enclose in a particular place or situation.
en.trial.7	schooner	Foaming schooners of beer grew ever larger and more numerous as the crimson February suns went to their rest .	A glass of beer , of a size which varies between states ( Wikipedia ) .	noun	hypernym-based	Foaming schooners of beer grew ever larger and more numerous as the crimson February suns went to their rest . What is the definition of schooner?	A large, heavy, heavy, or heavy vessel, especially one used for drinking.
en.trial.8	stalwart	For observe , it was an assemblage of two hundred thousand young men—not simpering , dainty , kid-gloved weaklings , but stalwart , muscular , dauntless young braves , brimful of push and energy , and royally endowed with every attribute that goes to make up a peerless and magnificent manhood—the very pick and choice of the world 's glorious ones .	Firmly or solidly built .	adjective	paraphrastic	For observe , it was an assemblage of two hundred thousand young men—not simpering , dainty , kid-gloved weaklings , but stalwart , muscular , dauntless young braves , brimful of push and energy , and royally endowed with every attribute that goes to make up a peerless and magnificent manhood—the very pick and choice of the world 's glorious ones . What is the definition of stalwart?	Strong and reliable ; dependable.
en.trial.9	nonexistent	His social skills are nonexistent : he chewed with his mouth open all through dinner .	Not existent ; not real .	adjective	synonym/antonym-based	His social skills are nonexistent : he chewed with his mouth open all through dinner . What is the definition of nonexistent?	Not existing ; not existing.
en.trial.10	fiber	The cloth is made from strange , somewhat rough fiber .	A material in the form of fibers .	noun	hypernym-based	The cloth is made from strange , somewhat rough fiber . What is the definition of fiber?	A material made of a variety of different materials, such as wool, cotton, etc.
en.trial.11	scraggy	He is twenty years younger , but has something of the same spare , scraggy physique .	Lean or thin , scrawny .	adjective	synonym/antonym-based	He is twenty years younger , but has something of the same spare , scraggy physique . What is the definition of scraggy?	Having a scraggio.
en.trial.12	candlestick	Caught there on a candlesticked overhang of ice , Quaid turned to peer down at his buddy .	To form a tall , thin , tapering shape similar to a candle .	verb	hypernym-based	Caught there on a candlesticked overhang of ice , Quaid turned to peer down at his buddy . What is the definition of candlestick?	To hang a candle on.
en.trial.13	pattern	There were no files matching the pattern * .txt .	A text string containing wildcards , used for matching .	noun	hypernym-based	There were no files matching the pattern * .txt . What is the definition of pattern?	A set of data elements that can be used to identify a file.
en.trial.14	seat	There are two hundred seats in this classroom .	A place in which to sit .	noun	hypernym-based	There are two hundred seats in this classroom . What is the definition of seat?	A unit of capacity for a person or group, especially one used for sitting.
en.trial.15	coco	I turn round and round to see the high mountains , the thick coco trees .	Coconut palm .	noun	synonym/antonym-based	I turn round and round to see the high mountains , the thick coco trees . What is the definition of coco?	A tropical tree of the genus Coco, with a slender trunk and a slender trunk.
en.trial.16	obtain	His mother then is mortal , but his Sire / He who obtains the monarchy of Heav'n , / And what will he not do to advance his Son ?	To hold ; to keep , possess or occupy .	verb	synonym/antonym-based	His mother then is mortal , but his Sire / He who obtains the monarchy of Heav'n , / And what will he not do to advance his Son ? What is the definition of obtain?	To gain, to gain, to gain.
en.trial.17	mayonnaise	I grew up thinking that the blue and white Miracle Whip salad dressing jar in the fridge held the same substance the rest of the world knew as mayonnaise . / Now I know that mayonnaise is something entirely different .	A dressing made from vegetable oil , raw egg yolks and seasoning , used on salads , with french fries , in sandwiches etc .	noun	hypernym-based	I grew up thinking that the blue and white Miracle Whip salad dressing jar in the fridge held the same substance the rest of the world knew as mayonnaise . / Now I know that mayonnaise is something entirely different . What is the definition of mayonnaise?	A dressing made from mayonnaisé.
en.trial.18	rogue	`` ... No rogue e'er felt the halter draw , with a good opinion of the law , and perhaps my own detestation of the law arises from my having frequently broken it . [ ... ] ''	A scoundrel , rascal or unprincipled , deceitful , and unreliable person .	noun	hypernym-based	`` ... No rogue e'er felt the halter draw , with a good opinion of the law , and perhaps my own detestation of the law arises from my having frequently broken it . [ ... ] '' What is the definition of rogue?	A person who rooks or rooks.
en.trial.19	flare	During assembly of a flare tube fitting , a flare nut is used to secure the flared tubing 's tapered end to the also tapered fitting , producing a pressure-resistant , leak-tight seal .	A widening of an object with an otherwise roughly constant width .	noun	hypernym-based	During assembly of a flare tube fitting , a flare nut is used to secure the flared tubing 's tapered end to the also tapered fitting , producing a pressure-resistant , leak-tight seal . What is the definition of flare?	To form a ring or ringlets with a curved surface.
en.trial.20	borderline	I expected him to be super boring but he was actually borderline funny !	nearly ; not entirely but nevertheless to a great extent	adverb	synonym/antonym-based;paraphrastic	I expected him to be super boring but he was actually borderline funny ! What is the definition of borderline?	Nearly ; almost.
en.trial.21	coal	Just as the camp-fire died down to just coals , with no flames to burn the marshmallows , someone dumped a whole load of wood on , so I gave up and went to bed .	A glowing or charred piece of coal , wood , or other solid fuel .	noun	hypernym-based	Just as the camp-fire died down to just coals , with no flames to burn the marshmallows , someone dumped a whole load of wood on , so I gave up and went to bed . What is the definition of coal?	A piece of wood or other material used for burning, especially in a campfire.
en.trial.22	clumsy	It is a clumsy solution , but it might work for now .	Not elegant or well-planned , lacking tact or subtlety .	adjective	paraphrastic	It is a clumsy solution , but it might work for now . What is the definition of clumsy?	Having difficulty in handling or executing something.
en.trial.23	melee	Within this melee of intersections between English and Cantonese , the students , being themselves bilingually fluent , were able to navigate with perfect ease in communicative contexts where the provenance of a certain term or expression matters little .	Any confused , disorganised , disordered or chaotic situation .	noun	hypernym-based	Within this melee of intersections between English and Cantonese , the students , being themselves bilingually fluent , were able to navigate with perfect ease in communicative contexts where the provenance of a certain term or expression matters little . What is the definition of melee?	A large, chaotic, or tangled group of people or things.
en.trial.24	ulterior	Both citerior and ulterior locations ( and corresponding contact locations ) are marked similarly . Complex prepositions with mua 'front ' and tua 'back ' can denote citerior and ulterior locations respectively , while tafa 'side ' can denote either citerior or ulterior locations .	Situated beyond , or on the farther side .	adjective	paraphrastic	Both citerior and ulterior locations ( and corresponding contact locations ) are marked similarly . Complex prepositions with mua 'front ' and tua 'back ' can denote citerior and ulterior locations respectively , while tafa 'side ' can denote either citerior or ulterior locations . What is the definition of ulterior?	Beyond the climax.
en.trial.25	lemony	We were served a lemony cheesecake for dessert .	Resembling or characteristic of lemons , especially in terms of aroma , taste or colour .	adjective	morphological	We were served a lemony cheesecake for dessert . What is the definition of lemony?	Of or pertaining to lemons.
en.trial.26	lull	To lull him soft a sleepe	To cause to rest by soothing influences ; to compose ; to calm	verb	paraphrastic;synonym/antonym-based	To lull him soft a sleepe What is the definition of lull?	To make quiet or quieter ; to calm ; to calm.
en.trial.27	belt	He belted down a shot of whisky .	To drink quickly , often in gulps .	verb	hypernym-based	He belted down a shot of whisky . What is the definition of belt?	To drink heavily.
en.trial.28	triangulation	Even though triangulation is used in quantitative paradigm for confirmation and generalization of a research , Barbour ( 1998 ) does not disregard the notion of triangulation in qualitative paradigm and she states the need to define triangulation from a qualitative research 's perspective in each paradigm . For example , in using triangulation of several data sources in quantitative research , any exception may lead to a disconfirmation of the hypothesis where exceptions in qualitative research are dealt to modify the theories and are fruitful .	The use of three ( or more ) researchers to interview the same people or to evaluate the same evidence to reduce the impact of individual bias .	noun	paraphrastic	Even though triangulation is used in quantitative paradigm for confirmation and generalization of a research , Barbour ( 1998 ) does not disregard the notion of triangulation in qualitative paradigm and she states the need to define triangulation from a qualitative research 's perspective in each paradigm . For example , in using triangulation of several data sources in quantitative research , any exception may lead to a disconfirmation of the hypothesis where exceptions in qualitative research are dealt to modify the theories and are fruitful . What is the definition of triangulation?	The act of arranging or arranging in three dimensions.
en.trial.29	bully	a bully horse	Very good .	adjective	paraphrastic	a bully horse What is the definition of bully?	Having a strong, slender body.
en.trial.30	forgiving	And I receive your forgiveness only from you . A group 's promises and forgivings are nothing more than the sum of its individual members ' promises and forgivings .	An act of forgiveness .	noun	hypernym-based	And I receive your forgiveness only from you . A group 's promises and forgivings are nothing more than the sum of its individual members ' promises and forgivings . What is the definition of forgiving?	The act of forbearing ; forgiveness.
en.trial.31	maggot	Drop and give me fifty , maggot .	A worthless person .	noun	hypernym-based	Drop and give me fifty , maggot . What is the definition of maggot?	A small amount of money.
en.trial.32	timid	John 's a very timid person . I 'll doubt he 'll be brave enough to face his brother .	Lacking in courage or confidence .	adjective	paraphrastic	John 's a very timid person . I 'll doubt he 'll be brave enough to face his brother . What is the definition of timid?	Not brave ; not willing to face danger or danger.
en.trial.33	dead	He stopped dead .	Suddenly and completely .	adverb	synonym/antonym-based	He stopped dead . What is the definition of dead?	Without a moment ; without pause.
en.trial.34	sophistication	the sophistication of drugs	The act of sophisticating ; adulteration .	noun	Hypernym-based;synonym/antonym-based	the sophistication of drugs What is the definition of sophistication?	the quality of being advanced or advanced
en.trial.35	dentistry	Some provision should be made for the truly suffering poor , and also for our present students of dentistry to learn something about dental surgery before commencing a profession which has almost become a science .	The field of medicine concerned with the study , diagnosis and treatment of conditions of the teeth and oral cavity .	noun	hypernym-based	Some provision should be made for the truly suffering poor , and also for our present students of dentistry to learn something about dental surgery before commencing a profession which has almost become a science . What is the definition of dentistry?	The branch of science that deals with the treatment of teeth.
en.trial.36	layover	We had a layover while waiting to change planes , so we stretched our legs .	A break between stages of a journey .	noun	hypernym-based	We had a layover while waiting to change planes , so we stretched our legs . What is the definition of layover?	A period of time during which a flight is delayed.
en.trial.37	forrard	The old chap who had just come off the look-out , had returned forrard again , and I was alone on that part of the deck .	Forward .	adverb	synonym/antonym-based	The old chap who had just come off the look-out , had returned forrard again , and I was alone on that part of the deck . What is the definition of forrard?	A fortified fortress.
en.trial.38	chef	Third time he was out of luckHe tripped up and got cheffed	To stab with a knife , to shank .	verb	paraphrastic	Third time he was out of luckHe tripped up and got cheffed What is the definition of chef?	To slap or slap with a knife.
en.trial.39	vital	Challenger breathed two or three times with enormous gulps , his lungs roaring as he drew in the vital gas .	Necessary to the continuation of life ; being the seat of life ; being that on which life depends .	adjective	paraphrastic	Challenger breathed two or three times with enormous gulps , his lungs roaring as he drew in the vital gas . What is the definition of vital?	Of or pertaining to the body ; containing or containing the essential elements ; sustaining life.
en.trial.40	enduring	It could be only long years of privations and endurings of hardships that could enable the Esquimaux to traverse over those icy regions with the facilities they have learned to practise	endurance	noun	synonym/antonym-based	It could be only long years of privations and endurings of hardships that could enable the Esquimaux to traverse over those icy regions with the facilities they have learned to practise What is the definition of enduring?	The act of surviving or surviving something.
en.trial.41	mafia	the digital mafia	An entity which attempts to control a specified arena .	noun	hypernym-based	the digital mafia What is the definition of mafia?	A group of criminals who are involved in extortion and other illegal activities
en.trial.42	end-to-end	The end-to-end trip takes about forty minutes .	From one end to the other .	adjective	paraphrastic	The end-to-end trip takes about forty minutes . What is the definition of end-to-end?	Taking place at the end of, or at the end of, tenth or last tenth of, tenth or last tenth of, or the end of tenth or last tenth of, tenth or last ten
en.trial.43	overcall	Knowledge of the ultrasound findings is important , and appreciating the fetal ultrasound may often undercall or ( more often ) overcall anomalies .	To diagnose a condition that does not , in fact , exist .	verb	hypernym-based	Knowledge of the ultrasound findings is important , and appreciating the fetal ultrasound may often undercall or ( more often ) overcall anomalies . What is the definition of overcall?	To call too many times.
en.trial.44	boffin	— Well , last year I used to have a friend Charley [ Charley was in the top sets for English , mathematics and French ] but this year he does n't speak to me any more and every time I see him he 's hanging around with boffins like . When I go round to his house , now and again , he 's always got his ' O ' level and ' A ' level books open and he 's always concentrating on his work . Hanging around with boffins . / — What are boffins ? / — People who work . Stay in all the time . Never go out , go down the town or nothin . And always get good letters home and pats on the back by teachers .	A person with specialized knowledge or skills , especially one who is socially awkward ; an intellectual ; a smart person .	noun	hypernym-based	— Well , last year I used to have a friend Charley [ Charley was in the top sets for English , mathematics and French ] but this year he does n't speak to me any more and every time I see him he 's hanging around with boffins like . When I go round to his house , now and again , he 's always got his ' O ' level and ' A ' level books open and he 's always concentrating on his work . Hanging around with boffins . / — What are boffins ? / — People who work . Stay in all the time . Never go out , go down the town or nothin . And always get good letters home and pats on the back by teachers . What is the definition of boffin?	A person who is devoted to their field of study.
en.trial.45	fieldwork	Billy 's out building some fieldwork so that our enemies do n't walk right over us .	A temporary fortification built by troops in the field ; a defensive earthwork in the field .	noun	hypernym-based	Billy 's out building some fieldwork so that our enemies do n't walk right over us . What is the definition of fieldwork?	Work done in the field.
en.trial.46	harmonic	The harmonic polar line of an inflection point of a cubic curve is the component of the polar conic other than the tangent line .	pleasant to hear ; harmonious ; melodious	adjective	paraphrastic;synonym/antonym-based	The harmonic polar line of an inflection point of a cubic curve is the component of the polar conic other than the tangent line . What is the definition of harmonic?	Of or pertaining to a polar polar line.
en.trial.47	dividend	In `` 42 ÷ 3 '' the dividend is the 42 .	A number or expression that is to be divided by another .	noun	hypernym-based	In `` 42 ÷ 3 '' the dividend is the 42 . What is the definition of dividend?	The number of digits in a number, such as a number of digits in a commutative expression.
en.trial.48	fantasy	Is not this something more than fantasy ?	That which comes from one 's imagination .	noun	paraphrastic	Is not this something more than fantasy ? What is the definition of fantasy?	A fictitious or imaginary idea.
en.trial.49	nearly	'Since Heidi 's been here , delightful things have happened nearly every day . '	In close approximation ; almost , virtually .	adverb	paraphrastic;synonym/antonym-based 	'Since Heidi 's been here , delightful things have happened nearly every day . ' What is the definition of nearly?	Nearly ; very close to.
en.trial.50	thirsty	I am thirsty for knowledge .	Craving something .	adjective	paraphrastic	I am thirsty for knowledge . What is the definition of thirsty?	Having a strong desire for something.
en.trial.51	divorce	The radical group voted to divorce itself from the main faction and start an independent movement .	To separate something that was connected .	verb	hypernym-based	The radical group voted to divorce itself from the main faction and start an independent movement . What is the definition of divorce?	To separate, to separate.
en.trial.52	garrulity	She delivered herself of a great number of original reflections . It was the most charming garrulity he had ever heard .	The state or characteristic of being garrulous .	noun	morphological	She delivered herself of a great number of original reflections . It was the most charming garrulity he had ever heard . What is the definition of garrulity?	The quality of being garrulous ; a lack of discipline or discipline.
en.trial.53	substrate	This definition [ of `` tool '' ] is not simple , but contains several elements . The tool must not be part of the animal 's body ( a beak is not a tool ) ; the user must manipulate the tool in some way for it to realise its function ; and , finally , a tool can not be attached to the substrate . This is a fairly clear definition , but does seem to produce some rather arbitrary distinctions ( Hansell 1987b ) . The spider Dinopis , for example , makes a small web which it holds in its legs , thrusting it down on passing ants . This is a tool , but all other webs , however complex , are not since they are anchored to the substrate . The woodpecker finch that uses a fine stick held in the beak to extract insect prey from wood , is a tool user , but a shrike that impales an insect on a thorn still attached to the bush is not .	A surface on which an organism grows , or to which an organism or an item is attached .	noun	hypernym-based	This definition [ of `` tool '' ] is not simple , but contains several elements . The tool must not be part of the animal 's body ( a beak is not a tool ) ; the user must manipulate the tool in some way for it to realise its function ; and , finally , a tool can not be attached to the substrate . This is a fairly clear definition , but does seem to produce some rather arbitrary distinctions ( Hansell 1987b ) . The spider Dinopis , for example , makes a small web which it holds in its legs , thrusting it down on passing ants . This is a tool , but all other webs , however complex , are not since they are anchored to the substrate . The woodpecker finch that uses a fine stick held in the beak to extract insect prey from wood , is a tool user , but a shrike that impales an insect on a thorn still attached to the bush is not . What is the definition of substrate?	The substance that supports a plant or animal, such as a body or a web.
en.trial.54	impregnation	Oil-shales are often the last relics of a former impregnation with petroleum ; they are associated with phenomena—such as the intrusive asphaltites or manjacks—common to petroliferous regions , but in many cases the parent oilfields , the sources of the former impregnation , are things of the past .	An ore deposit , with indefinite boundaries , consisting of rock impregnated with ore .	noun	hypernym-based	Oil-shales are often the last relics of a former impregnation with petroleum ; they are associated with phenomena—such as the intrusive asphaltites or manjacks—common to petroliferous regions , but in many cases the parent oilfields , the sources of the former impregnation , are things of the past . What is the definition of impregnation?	The process of causing something to become contaminated.
en.trial.55	seriocomic	In the N-Town Passion Play I , Lucifer is an implied presenter of the play and an implied controller of its events . He addresses the audience directly and confidentially in an extraordinary 124-line adoxograph which is part social satire and part seriocomic plea for our commitment to his suzerainty	Having both serious and comedic qualities or tendencies .	adjective	paraphrastic	In the N-Town Passion Play I , Lucifer is an implied presenter of the play and an implied controller of its events . He addresses the audience directly and confidentially in an extraordinary 124-line adoxograph which is part social satire and part seriocomic plea for our commitment to his suzerainty What is the definition of seriocomic?	Characteristic of a seriocome
en.trial.56	late	Her late husband had left her well provided for .	Deceased , dead	adjective	synonym/antonym-based	Her late husband had left her well provided for . What is the definition of late?	Having died ; dead.
en.trial.57	guesser	'Then , believe me , you 're a pretty slick guesser . '	A person who guesses ; especially someone who can make a reasonable prediction from little evidence .	noun	hypernym-based 	'Then , believe me , you 're a pretty slick guesser . ' What is the definition of guesser?	One who guesses.
en.trial.58	indentation	an indentation of one em	A measure of the distance from the flush line	noun	hypernym-based	an indentation of one em What is the definition of indentation?	A notch or groove in a surface.
en.trial.59	watercolour	I 'm not a big fan of watercolour ; I much prefer oil painting .	This kind of painting as a genre .	noun	paraphrastic	I 'm not a big fan of watercolour ; I much prefer oil painting . What is the definition of watercolour?	A type of paint, typically a deep red or yellow, that is used for drawing, painting, or drawing by water.
en.trial.60	landed	landed gentry	In possession of land .	adjective	paraphrastic	landed gentry What is the definition of landed?	Having settled in a country.
en.trial.61	fillip	The outline could apply to most of the self-effacing , increasingly inward-looking comedies written and directed by , and it certainly describes `` , '' an agreeably meandering exercise that brings some clever French New Wave fillips and structural repetitions to Hong 's characteristically boozy party .	Something that excites or stimulates .	noun	paraphrastic	The outline could apply to most of the self-effacing , increasingly inward-looking comedies written and directed by , and it certainly describes `` , '' an agreeably meandering exercise that brings some clever French New Wave fillips and structural repetitions to Hong 's characteristically boozy party . What is the definition of fillip?	A brief, sharp, piercing, or piercing sound.
en.trial.62	jejune	I went to the cinema not for entertainment , but for cinematography . For it was only by studying the precise rake of extra-long pans , the trajectory of tracking shots and the jejune emotional appeal of the jump-cut , that I could add to the repertoire of my own internal shoots .	Naive ; simplistic .	adjective	synonym/antonym-based	I went to the cinema not for entertainment , but for cinematography . For it was only by studying the precise rake of extra-long pans , the trajectory of tracking shots and the jejune emotional appeal of the jump-cut , that I could add to the repertoire of my own internal shoots . What is the definition of jejune?	Of or pertaining to the jejunum.
en.trial.63	landslide	The candidate won by a landslide .	A vote won by a wide or overwhelming majority .	noun	hypernym-based	The candidate won by a landslide . What is the definition of landslide?	A large number or amount.
en.trial.64	landmark	He called the overthrow of Iraqi dictator Saddam Hussein and the recent elections in Afghanistan landmark events in the history of liberty .	A major event or discovery .	noun	hypernym-based	He called the overthrow of Iraqi dictator Saddam Hussein and the recent elections in Afghanistan landmark events in the history of liberty . What is the definition of landmark?	Having a significant significance, or a significant significance.
en.trial.65	snort	She snorted with laughter .	To make a snort ; to exhale roughly through the nose .	verb	morphological;paraphrastic	She snorted with laughter . What is the definition of snort?	To exhale through the nose.
en.trial.66	hear	I was deaf , and now I can hear .	To perceive sounds through the ear .	verb	hypernym-based	I was deaf , and now I can hear . What is the definition of hear?	To be able to listen.
en.trial.67	divorce	A ship captain can marry couples , but can not divorce them .	To legally dissolve a marriage between two people .	verb	paraphrastic	A ship captain can marry couples , but can not divorce them . What is the definition of divorce?	To break up a marriage.
en.trial.68	jot	For mark you , Tavy , the artist 's work is to show us ourselves as we really are . Our minds are nothing but this knowledge of ourselves ; and he who adds a jot to such knowledge creates new mind as surely as any woman creates new men .	A small amount , bit ; the smallest amount .	noun	hypernym-based	For mark you , Tavy , the artist 's work is to show us ourselves as we really are . Our minds are nothing but this knowledge of ourselves ; and he who adds a jot to such knowledge creates new mind as surely as any woman creates new men . What is the definition of jot?	A small amount of something ; a small amount of something added.
en.trial.69	overcook	The runner overcooked it on the first lap , and ended up finishing last .	To do something to excess ; to overdo .	verb	paraphrastic;synonym/antonym-based 	The runner overcooked it on the first lap , and ended up finishing last . What is the definition of overcook?	To cook too much.
en.trial.70	migrate	Many groups had migrated to western Europe from the plains of eastern Europe .	To change one 's geographic pattern of habitation .	verb	paraphrastic	Many groups had migrated to western Europe from the plains of eastern Europe . What is the definition of migrate?	To move from one place to another, especially to a new place.
en.trial.71	intimate	He intimated that we should leave before the argument escalated .	To suggest or disclose ( something ) discreetly .	verb	hypernym-based	He intimated that we should leave before the argument escalated . What is the definition of intimate?	To make a suggestion or suggestion.
en.trial.72	agreeable	an agreeable person	Pleasing , either to the mind or senses ; pleasant ; grateful .	adjective	hypernym-based;synonym/antonym-based	an agreeable person What is the definition of agreeable?	characterized by or characterized by goodwill
en.trial.73	wed	They will wed in the summer .	To take each other as a spouse .	verb	paraphrastic	They will wed in the summer . What is the definition of wed?	To marry.
en.trial.74	topaz	Although there are dozens of different types of gems , among the best known and most important are diamond , ruby and sapphire , emerald and other gem forms of the mineral beryl , chrysoberyl , tanzanite , tsavorite , topaz and jade .	An often clear , yellowish-brown gemstone cut from this .	noun	hypernym-based	Although there are dozens of different types of gems , among the best known and most important are diamond , ruby and sapphire , emerald and other gem forms of the mineral beryl , chrysoberyl , tanzanite , tsavorite , topaz and jade . What is the definition of topaz?	A yellowish-brown mineral consisting of a hydrated form of feldspar, occurring as a crystalline crystal.
en.trial.75	finger	Alladad Khan , left alone , dandled unhandily his child in unfatherly arms . He wanted to finger his moustache , but could not .	To poke , probe , feel , or fondle with a finger or fingers .	verb	paraphrastic	Alladad Khan , left alone , dandled unhandily his child in unfatherly arms . He wanted to finger his moustache , but could not . What is the definition of finger?	To touch with the fingers.
en.trial.76	lineage	They traced the ancient lineages of two species to reveal the insects ' lengthy history of asexual reproduction .	Descent in a line from a common progenitor ; progeny ; descending line of offspring or ascending line of parentage .	noun	hypernym-based;synonym/antonym-based	They traced the ancient lineages of two species to reveal the insects ' lengthy history of asexual reproduction . What is the definition of lineage?	A sequence of related species, especially of a species that has been inherited from a parent.
en.trial.77	ride	pimp my ride	A vehicle .	noun	synonym/antonym-based	pimp my ride What is the definition of ride?	a person's swagger
en.trial.78	leathery	The beef jerky was tough and leathery .	Having the consistency , feel , or texture of leather .	adjective	paraphrastic	The beef jerky was tough and leathery . What is the definition of leathery?	Resembling leather ; resembling leather.
en.trial.79	flick	The fourth seed was dominating her 20-year-old opponent with a series of stinging groundstrokes and athletic drive-volleys , striking again in game five when Paszek flicked a forehand pick-up into the tramlines .	A powerful underarm volley shot .	noun	hypernym-based	The fourth seed was dominating her 20-year-old opponent with a series of stinging groundstrokes and athletic drive-volleys , striking again in game five when Paszek flicked a forehand pick-up into the tramlines . What is the definition of flick?	To move with a quick, quick motion.
en.trial.80	blind	a blind path	Of a place , having little or no visibility .	adjective	paraphrastic	a blind path What is the definition of blind?	not paved or paved
en.trial.81	alternation	the alternation of day and night	The reciprocal succession of ( normally two ) things in time or place ; the act of following and being followed by turns ; alternate succession , performance , or occurrence	noun	hypernym-based;synonym/antonym-based	the alternation of day and night What is the definition of alternation?	the act of changing from one state or condition to another
en.trial.82	haste	We were running late so we finished our meal in haste .	Speed ; swiftness ; dispatch .	noun	synonym/antonym-based	We were running late so we finished our meal in haste . What is the definition of haste?	Speed, urgency.
en.trial.83	muddle	The muddle of nervous speech he uttered did not have much meaning .	A mixture ; a confusion ; a garble .	noun	synonym/antonym-based	The muddle of nervous speech he uttered did not have much meaning . What is the definition of muddle?	A confused or confused state.
en.trial.84	foreskin	I always liked an open fire , '' an open wound , suppuration of silent words from somewhere , a long line of fathers foreskinning for all they were worth , unknown , unsaid , alone in ice-cold space as we 're all alone in the absence of God with only His mother , the mother of God , out there in black face , alone herself , the queen of the world ...	To remove the foreskin	verb	paraphrastic	I always liked an open fire , '' an open wound , suppuration of silent words from somewhere , a long line of fathers foreskinning for all they were worth , unknown , unsaid , alone in ice-cold space as we 're all alone in the absence of God with only His mother , the mother of God , out there in black face , alone herself , the queen of the world ... What is the definition of foreskin?	To cover with forensic skin.
en.trial.85	erasure	bisexual erasure	A tendency to ignore or conceal an element of society .	noun	paraphrastic	bisexual erasure What is the definition of erasure?	The act of erasing ; the removal of something that is no longer useful or useful.
en.trial.86	handful	Knap the tongs together about a handful from the bottom .	A hand 's breadth ; four inches .	noun	paraphrastic	Knap the tongs together about a handful from the bottom . What is the definition of handful?	A small amount.
en.trial.87	rhythmicity	Breathing typically has a high degree of rhythmicity .	The quality or state of having a rhythm	noun	morphological	Breathing typically has a high degree of rhythmicity . What is the definition of rhythmicity?	The property of being rhythmic.
en.trial.88	appearance	His sudden appearance surprised me .	The act of appearing or coming into sight ; the act of becoming visible to the eye .	noun	paraphrastic	His sudden appearance surprised me . What is the definition of appearance?	The act of appearing ; the act of appearing.
en.trial.89	disgraceful	Mr. Cooke at once began a tirade against the residents of Asquith for permitting a sandy and generally disgraceful condition of the roads . So roundly did he vituperate the inn management in particular , and with such a loud flow of words , that I trembled lest he should be heard on the veranda .	Bringing or warranting disgrace ; shameful .	adjective	paraphrastic;synonym/antonym-based 	Mr. Cooke at once began a tirade against the residents of Asquith for permitting a sandy and generally disgraceful condition of the roads . So roundly did he vituperate the inn management in particular , and with such a loud flow of words , that I trembled lest he should be heard on the veranda . What is the definition of disgraceful?	Offensive to morality ; causing shame.
en.trial.90	allegation	She put forth several allegations regarding her partner in hopes of discrediting his actions .	An assertion , especially an accusation , not necessarily based on facts .	noun	hypernym-based	She put forth several allegations regarding her partner in hopes of discrediting his actions . What is the definition of allegation?	A statement or statement that is made to support or deny a claim or claim.
en.trial.91	verb	The InfiniBand verbs , which are closely modeled in the `` Gen2 '' interface , provide the functional specification for the operations that should be allowed on an InfiniBand compliant adapter .	A named command that performs a specific operation on an object .	noun	hypernym-based	The InfiniBand verbs , which are closely modeled in the `` Gen2 '' interface , provide the functional specification for the operations that should be allowed on an InfiniBand compliant adapter . What is the definition of verb?	A word that is used to describe a function or action.
en.trial.92	attritional	a prolonged attritional battle	Of or pertaining to attrition .	adjective	morphological	a prolonged attritional battle What is the definition of attritional?	involving or characterized by resistance
en.trial.93	quantity	This bag would normally costs $ 497.50 for a quantity of 250 , at a price of $ 1.99 per piece .	A specific measured amount .	noun	hypernym-based	This bag would normally costs $ 497.50 for a quantity of 250 , at a price of $ 1.99 per piece . What is the definition of quantity?	A number of things that can be divided into a single unit.
en.trial.94	short	38 short suits fit me right off the rack .	A short version of a garment in a particular size .	noun	hypernym-based	38 short suits fit me right off the rack . What is the definition of short?	( of a garment ) not long enough to be worn.
en.trial.95	ten	tens of thousands of voters	An inexact quantity , typically understood to be between 20 and 100 .	noun	paraphrastic	tens of thousands of voters What is the definition of ten?	a unit of number equal to one hundredth of a million
en.trial.96	cream	I take my coffee with two cream and three sugar .	A portion of cream , such as the amount found in a creamer .	noun	paraphrastic	I take my coffee with two cream and three sugar . What is the definition of cream?	A soft, creamy substance, especially one used in making iced drinks.
en.trial.97	passing	her passing deformity	Pre-eminent , excellent , extreme .	adjective	synonym/antonym-based	her passing deformity What is the definition of passing?	occurring or occurring at a gradual or gradual rate
en.trial.98	reconciliation	He longed for reconciliation with his estranged father , but painful memories made him feel unready to do so .	The re-establishment of friendly relations ; conciliation , rapprochement .	noun	hypernym-based;synonym/antonym-based	He longed for reconciliation with his estranged father , but painful memories made him feel unready to do so . What is the definition of reconciliation?	The act of reconciling ; the state of being reconciled.
en.trial.99	compliant	Tendon is compliant compared to bone .	Willing to comply ; submissive ; willing to do what someone wants .	adjective	paraphrastic;synonym/antonym-based	Tendon is compliant compared to bone . What is the definition of compliant?	Conforming to a standard.
en.trial.100	idiosyncratic	I 'm not saying that Kaufman 's film will be enshrined as a classic , as those Kubrick films are . It 's too idiosyncratic and demanding for that : many viewers will be thinking of ending it halfway through	Peculiar to a specific individual ; eccentric .	adjective	paraphrastic;synonym/antonym-based 	I 'm not saying that Kaufman 's film will be enshrined as a classic , as those Kubrick films are . It 's too idiosyncratic and demanding for that : many viewers will be thinking of ending it halfway through What is the definition of idiosyncratic?	Characterized by idiosyncrasy ; characterized by idiosyncrasy ; characterized by idiosyncrasy.
en.trial.101	tight	We 've grown tighter over the years .	Intimately friendly .	adjective	hypernym-based	We 've grown tighter over the years . What is the definition of tight?	In a close manner ; closely.
en.trial.102	noise	we on earth , with undiscording voice , May rightly answer that melodious noise	Music , in general ; a concert ; also , a company of musicians ; a band .	noun	synonym/antonym-based	we on earth , with undiscording voice , May rightly answer that melodious noise What is the definition of noise?	A sound, especially a musical one.
en.trial.103	caravan	`` Would they could have foretold that my caravan would have been cut up by the Shinwaris almost within shadow of the Pass ! '' grunted the Eusufzai agent of a Rajputana trading-house whose goods had been feloniously diverted into the hands of other robbers just across the Border , and whose misfortunes were the laughing-stock of the bazar . `` Ohé , priest , whence come you and whither do you go ? ''	A convoy or procession of travelers , their vehicles and cargo , and any pack animals , especially camels crossing a desert .	noun	hypernym-based	`` Would they could have foretold that my caravan would have been cut up by the Shinwaris almost within shadow of the Pass ! '' grunted the Eusufzai agent of a Rajputana trading-house whose goods had been feloniously diverted into the hands of other robbers just across the Border , and whose misfortunes were the laughing-stock of the bazar . `` Ohé , priest , whence come you and whither do you go ? '' What is the definition of caravan?	A large, typically slender, vehicle used for travelling, especially one used by a large group of people.
en.trial.104	nigger	Now to locate the portion of the machine which contains the `` nigger . ''	An impurity in the covering of an electrical conductor which serves to make a partial short circuit , and thus becomes sufficiently heated to burn and destroy the insulation .	noun	hypernym-based	Now to locate the portion of the machine which contains the `` nigger . '' What is the definition of nigger?	A black person.
en.trial.105	drive	I drive to work every day .	To travel by operating a wheeled motorized vehicle .	verb	hypernym-based	I drive to work every day . What is the definition of drive?	To travel by car.
en.trial.106	picturesquely	The red-painted farm-houses , peculiar to Norway , lay picturesquely scattered on the higher points of the undulating valley , where men and women were busy hay-making .	In a picturesque manner .	adverb	morphological	The red-painted farm-houses , peculiar to Norway , lay picturesquely scattered on the higher points of the undulating valley , where men and women were busy hay-making . What is the definition of picturesquely?	In a picturesque manner.
en.trial.107	breathless	By that stage Sevilla were down to 10 men and Jorge Sampaoli , their manager , had been sent to the stands as a breathless encounter started to spiral out of control .	That makes one hold one 's breath ( with excitement etc . ) .	adjective	paraphrastic	By that stage Sevilla were down to 10 men and Jorge Sampaoli , their manager , had been sent to the stands as a breathless encounter started to spiral out of control . What is the definition of breathless?	Unable to breathe ; unable to breathe.
en.trial.108	nonsexual	These primitive , nonsexual plants constitute the subkingdom Protophyta .	Asexual ; lacking sexual reproductive capabilities ; neuter .	adjective	synonym/antonym-based;paraphrastic	These primitive , nonsexual plants constitute the subkingdom Protophyta . What is the definition of nonsexual?	Not sexual ; not having a sexual function.
en.trial.109	withe	Question . Did you hear of the circumstances of William Davis having been whipped on the 5th day of December , the day before the cutting took place ? Answer Yes , sir ; I did that evening , when he came home . Q . Did you examine where he had been withed ? A . Yes , sir .	To beat with withes .	verb	hypernym-based	Question . Did you hear of the circumstances of William Davis having been whipped on the 5th day of December , the day before the cutting took place ? Answer Yes , sir ; I did that evening , when he came home . Q . Did you examine where he had been withed ? A . Yes , sir . What is the definition of withe?	To cut the skin of ( someone ).
en.trial.110	acute	A more conservative approach , particularly if your author is a skilled computer user , would be to replace the problem characters with simple words or codes that are guaranteed to transfer successfully between computers . For example , you could replace é with e-acute if that particular character is causing problems . The author could then do a search and replace to change all instances of e-acute back to é before publication .	After a letter of the alphabet : having an acute accent .	adjective	paraphrastic	A more conservative approach , particularly if your author is a skilled computer user , would be to replace the problem characters with simple words or codes that are guaranteed to transfer successfully between computers . For example , you could replace é with e-acute if that particular character is causing problems . The author could then do a search and replace to change all instances of e-acute back to é before publication . What is the definition of acute?	A word that is pronounced as , , or .
en.trial.111	protect	This antivirus package will protect your computer from hackers .	To keep safe ; to defend ; to guard ; to prevent harm coming to .	verb	paraphrastic;synonym/antonym-based	This antivirus package will protect your computer from hackers . What is the definition of protect?	To make safe ; to keep safe.
en.trial.112	autumn	autumn leaves	Of or relating to autumn ; autumnal	adjective	morphological;synonym/antonym-based	autumn leaves What is the definition of autumn?	of or relating to the season of the year when the leaves of a plant are in full bloom
en.trial.113	catch	When the program catches an exception , this is recorded in the log file .	To handle an exception .	verb	hypernym-based	When the program catches an exception , this is recorded in the log file . What is the definition of catch?	To detect or detect.
en.trial.114	prefix	The string `` abra '' is both a prefix and a suffix of the string `` abracadabra '' .	An initial segment of a string of characters .	noun	hypernym-based	The string `` abra '' is both a prefix and a suffix of the string `` abracadabra '' . What is the definition of prefix?	A suffix or syllable that precedes a word, e.g. abracadabra.
en.trial.115	annihilate	An atom bomb can annihilate a whole city .	To reduce to nothing , to destroy , to eradicate .	verb	hypernym-based;synonym/antonym-based	An atom bomb can annihilate a whole city . What is the definition of annihilate?	To destroy completely.
en.trial.116	horary	horary , or soon decaying , fruits of summer	Having a duration of just an hour ; short-lived .	adjective	paraphrastic;synonym/antonym-based	horary , or soon decaying , fruits of summer What is the definition of horary?	Of or pertaining to the horaries.
en.trial.117	grape	Aw graped my way out i ' the dark , An ' down the stairs aw scrafflel 'd	To grope .	verb	synonym/antonym-based	Aw graped my way out i ' the dark , An ' down the stairs aw scrafflel 'd What is the definition of grape?	To move with a squeezing motion.
en.trial.118	blossom	This beauty , in the blossom of my youth , / When my first fire knew no adulterate incense , / Nor I no way to flatter , but my fondness ; / [ ... ] long did I love this lady , / Long was my travail , long my trade to win her ; / With all the duty of my soul , I served her .	A blooming period or stage of development ; something lovely that gives rich promise .	noun	paraphrastic	This beauty , in the blossom of my youth , / When my first fire knew no adulterate incense , / Nor I no way to flatter , but my fondness ; / [ ... ] long did I love this lady , / Long was my travail , long my trade to win her ; / With all the duty of my soul , I served her . What is the definition of blossom?	A state of growth or development.
en.trial.119	runny	runny honey	Fluid ; capable of flowing .	adjective	synonym/antonym-based;paraphrastic	runny honey What is the definition of runny?	containing or containing or containing or containing or containing or containing or containing or containing or containing or containing or containing or containing or containing or containing or containing or containing or containing or containing or containing or containing or
en.trial.120	previous	He is no better than the previous Prime Minister .	Prior ; occurring before something else , either in time or order .	adjective	synonym/antonym-based;paraphrastic	He is no better than the previous Prime Minister . What is the definition of previous?	Former, preceding.
en.trial.121	cornice	Looking to the east we could see Api and the mountains of west Nepal , shapely snow peaks in the distance , while in the immediate foreground , much lower but still dramatic , were the peaks of Panch Chuli IV and V ( III was hidden by the lip of a huge cornice ) , Telkot and Nagling , all of them unclimbed , all steep and challenging .	An overhanging edge of snow on a ridge or the crest of a mountain and along the sides of gullies .	noun	hypernym-based	Looking to the east we could see Api and the mountains of west Nepal , shapely snow peaks in the distance , while in the immediate foreground , much lower but still dramatic , were the peaks of Panch Chuli IV and V ( III was hidden by the lip of a huge cornice ) , Telkot and Nagling , all of them unclimbed , all steep and challenging . What is the definition of cornice?	A curved, rounded, or rounded structure, especially one on a wall or roof.
en.trial.122	very	He proposed marriage in the same restaurant , at the very table where they first met .	The same ; identical .	adjective	synonym/antonym-based	He proposed marriage in the same restaurant , at the very table where they first met . What is the definition of very?	Very ; extremely.
en.trial.123	obliged	I 'm greatly obliged for your help with this problem .	Grateful or indebted because of a favor done .	adjective	hypernym-based	I 'm greatly obliged for your help with this problem . What is the definition of obliged?	Angry, irritated, or gratified.
en.trial.124	cover-up	Truthfulness means no lies and no cover-ups . Compassion means being kind and helpful to others . Forbearance means being able to tolerate and suffer , and not fight back .	An attempt to conceal or disguise something , especially a wrongdoing or a mistake .	noun	hypernym-based	Truthfulness means no lies and no cover-ups . Compassion means being kind and helpful to others . Forbearance means being able to tolerate and suffer , and not fight back . What is the definition of cover-up?	A false or misleading explanation.
en.trial.125	version	Upgrade to the latest version for new features and bug fixes .	A particular revision ( of software , firmware , CPU , etc . ) .	noun	hypernym-based	Upgrade to the latest version for new features and bug fixes . What is the definition of version?	A set of software or hardware versions of a computer.
en.trial.126	southbound	The truck raced southbound , then careened into the ditch .	Toward the south .	adverb	paraphrastic	The truck raced southbound , then careened into the ditch . What is the definition of southbound?	In a southward direction.
en.trial.127	chancellor	In some of the states , as New York , Virginia , and South Carolina , the equity court is a distinct tribunal , having its appropriate judge , or chancellor , and officers .	The chief judge of a court of chancery ( that is , one exercising equity jurisdiction ) .	noun	hypernym-based	In some of the states , as New York , Virginia , and South Carolina , the equity court is a distinct tribunal , having its appropriate judge , or chancellor , and officers . What is the definition of chancellor?	The head of a court of law.
en.trial.128	chilling	It was a chilling story , but the children enjoyed it .	Causing mild fear .	adjective	paraphrastic	It was a chilling story , but the children enjoyed it . What is the definition of chilling?	Causing terror ; causing fear or terror.
en.trial.129	dynamic	The environment is dynamic , changing with the years and the seasons .	Changing ; active ; in motion .	adjective	synonym/antonym-based	The environment is dynamic , changing with the years and the seasons . What is the definition of dynamic?	Having a tendency to change ; changing.
en.trial.130	lesson	The accident was a good lesson to me .	Something that serves as a warning or encouragement .	noun	paraphrastic	The accident was a good lesson to me . What is the definition of lesson?	A learned experience.
en.trial.131	sameness	O to sail to sea in a ship ! / To leave this steady unendurable land , / To leave the tiresome sameness of the streets , the sidewalks and the houses , / To leave you O you solid motionless land , and entering a ship , / To sail and sail and sail !	A tiring lack of variety ; monotony .	noun	paraphrastic;synonym/antonym-based	O to sail to sea in a ship ! / To leave this steady unendurable land , / To leave the tiresome sameness of the streets , the sidewalks and the houses , / To leave you O you solid motionless land , and entering a ship , / To sail and sail and sail ! What is the definition of sameness?	The state of being the same ; the state of being the same.
en.trial.132	blown	Cattle are said to be blown when gorged with green food which develops gas .	distended , swollen or inflated	adjective	synonym/antonym-based	Cattle are said to be blown when gorged with green food which develops gas . What is the definition of blown?	Having a blowhole.
en.trial.133	impinge	Nothing in the next-door world of Dachau impinged on the great winter cycle of Beethoven chamber music played in Munich .	To have an effect upon , especially a negative one .	verb	paraphrastic	Nothing in the next-door world of Dachau impinged on the great winter cycle of Beethoven chamber music played in Munich . What is the definition of impinge?	To sway, sway, or sway.
en.trial.134	different	Irregular bedtimes may disrupt healthy brain development in young children , according to a study of intelligence and sleeping habits . ¶ Going to bed at a different time each night affected girls more than boys , but both fared worse on mental tasks than children who had a set bedtime , researchers found .	Not the same ; exhibiting a difference .	adjective	synonym/antonym-based;paraphrastic	Irregular bedtimes may disrupt healthy brain development in young children , according to a study of intelligence and sleeping habits . ¶ Going to bed at a different time each night affected girls more than boys , but both fared worse on mental tasks than children who had a set bedtime , researchers found . What is the definition of different?	Not the same ; not the same.
en.trial.135	decently	a decently high salary	To a reasonable or acceptable degree .	adverb	paraphrastic	a decently high salary What is the definition of decently?	in a decent manner
en.trial.136	secular	The skewed distribution of productivity gains is thus less a new phenomenon than a secular trend .	Continuing over a long period of time , long-term .	adjective	paraphrastic;synonym/antonym-based	The skewed distribution of productivity gains is thus less a new phenomenon than a secular trend . What is the definition of secular?	Of or pertaining to a single phenomenon or phenomenon.
en.trial.137	transcription	These frame tale interludes frequently include transcriptions of Italian folk songs .	An adaptation of a composition .	noun	hypernym-based	These frame tale interludes frequently include transcriptions of Italian folk songs . What is the definition of transcription?	A piece of music or other text that has been transcribed.
en.trial.138	eyed	That she had all the abstracted and nervous manner of one who is on the eve of some bold and hazardous step , which it has required no common struggle to resolve upon , would have been obvious to the lynx-eyed Fagin	Having the specified kind or number of eyes .	adjective	paraphrastic	That she had all the abstracted and nervous manner of one who is on the eve of some bold and hazardous step , which it has required no common struggle to resolve upon , would have been obvious to the lynx-eyed Fagin What is the definition of eyed?	Having eyes.
en.trial.139	abdominal	abdominal muscles	Of or pertaining to the abdomen ; ventral .	adjective	morphological;synonym/antonym-based	abdominal muscles What is the definition of abdominal?	of or relating to the abdomen
en.trial.140	tighten	Please tighten that screw a quarter-turn .	To make tighter .	verb	morphological	Please tighten that screw a quarter-turn . What is the definition of tighten?	To make tight.
en.trial.141	runner	Is that old Mercedes on the forecourt a runner ? / No , it has no gearbox .	An automobile ; a working or driveable automobile .	noun	synonym/antonym-based;hypernym-based	Is that old Mercedes on the forecourt a runner ? / No , it has no gearbox . What is the definition of runner?	A vehicle that is a reliable and reliable choice.
en.trial.142	klutz	`` Out of [ one abortion doctor 's ] first six months of work , there are nine malpractice suits ... After it was apparent the guy was a klutz , they kept using him , and trying to cover for him , because they could n't find another provider . ''	A clumsy or stupid person .	noun	hypernym-based	`` Out of [ one abortion doctor 's ] first six months of work , there are nine malpractice suits ... After it was apparent the guy was a klutz , they kept using him , and trying to cover for him , because they could n't find another provider . '' What is the definition of klutz?	A person who is averse to new ideas, especially in a sexually explicit way.
en.trial.143	starlet	I have a little golden dream That haunts me night and day , And like a starlet 's golden beam Lights up my darksome way .	A small star .	noun	hypernym-based	I have a little golden dream That haunts me night and day , And like a starlet 's golden beam Lights up my darksome way . What is the definition of starlet?	A star-shaped woman.
en.trial.144	suggestion	Traffic signs seem to be more of a suggestion than an order .	Something suggested ( with subsequent adposition being for )	noun	paraphrastic	Traffic signs seem to be more of a suggestion than an order . What is the definition of suggestion?	A vague or vague idea, idea, or statement.
en.trial.145	about	To my mind , transportation engineering is similar to flying in the 1930s — it has been about for some time but it has taken the present economic jolt to shake it out of its infancy , in the same way that the war started the development of flying to its current stage .	In existence ; being in evidence ; apparent .	adjective	paraphrastic;synonym/antonym-based	To my mind , transportation engineering is similar to flying in the 1930s — it has been about for some time but it has taken the present economic jolt to shake it out of its infancy , in the same way that the war started the development of flying to its current stage . What is the definition of about?	Nearly finished ; finished.
en.trial.146	noisy	the noisy crowd .	Making a noise , especially a loud unpleasant sound	adjective	paraphrastic	the noisy crowd . What is the definition of noisy?	Having a high volume of noise.
en.trial.147	truly	That is truly all I know .	Honestly , genuinely , in fact , really .	adverb	synonym/antonym-based	That is truly all I know . What is the definition of truly?	In a true manner ; absolutely.
en.trial.148	time-out	I 'm going to take a brief time-out from this job .	A break from a tense , heated or stressful situation ( often enforced , sometimes as a disciplinary measure ) ; a cooling-off period .	noun	hypernym-based	I 'm going to take a brief time-out from this job . What is the definition of time-out?	A break from work.
en.trial.149	curler	The captain sent a curler into the top corner of the net .	A pass or a shot of the ball which swerves .	noun	hypernym-based	The captain sent a curler into the top corner of the net . What is the definition of curler?	A shot that is thrown with the arms extended, causing the ball to curl up.
en.trial.150	caveat	If a midfielder and a defender are acquired by 1 September then will consider United 's summer in the market almost a success . The one caveat is that the Dutchman wished to have finished strengthening the squad before the start of the season .	A qualification or exemption .	noun	synonym/antonym-based	If a midfielder and a defender are acquired by 1 September then will consider United 's summer in the market almost a success . The one caveat is that the Dutchman wished to have finished strengthening the squad before the start of the season . What is the definition of caveat?	A warning, caution, or caution.
en.trial.151	drift	Now thou knowest my drift .	The tendency of an act , argument , course of conduct , or the like ; object aimed at or intended ; intention ; hence , also , import or meaning of a sentence or discourse ; aim .	noun	synonym/antonym-based;hypernym-based	Now thou knowest my drift . What is the definition of drift?	A tendency to wander ; a tendency to wander.
en.trial.152	modestly	The man bowed modestly and left the dinner table .	In a modest manner .	adverb	morphological	The man bowed modestly and left the dinner table . What is the definition of modestly?	In a modest manner.
en.trial.153	indirect	In an effort to beat the traffic jams , they opted to take an indirect route to their destination .	Not involving the quickest , shortest , or most convenient path	adjective	paraphrastic	In an effort to beat the traffic jams , they opted to take an indirect route to their destination . What is the definition of indirect?	Not direct ; not involving direct action.
en.trial.154	deplorable	Poor children are often accused of having deplorable manners , when they are , in fact , simply responding to society in ways that mirror how society treats them .	Deserving strong condemnation ; shockingly bad , wretched .	adjective	paraphrastic	Poor children are often accused of having deplorable manners , when they are , in fact , simply responding to society in ways that mirror how society treats them . What is the definition of deplorable?	Of a person : showing deplorability ; deserving of deploration.
en.trial.155	sardonyx	The large chalice at right is carved from a single chunk of sardonyx , a kind of onyx . Its gilded rim and base are decorated with tiny enamels depicting a host of popular saints , including Nicephorus ( farthest left on rim ) , a Ninth Century patriarch and opponent of a religious movement to destroy icons .	A gemstone having bands of red sard ; a variety of onyx or chalcedony .	noun	hypernym-based	The large chalice at right is carved from a single chunk of sardonyx , a kind of onyx . Its gilded rim and base are decorated with tiny enamels depicting a host of popular saints , including Nicephorus ( farthest left on rim ) , a Ninth Century patriarch and opponent of a religious movement to destroy icons . What is the definition of sardonyx?	A hard, slender, spherical, spherical mineral, used in ceramics and in the manufacture of chalices.
en.trial.156	inside	The robbery was planned by the security guard : it was an inside job .	Originating from , arranged by , or being someone inside an organisation .	adjective	paraphrastic	The robbery was planned by the security guard : it was an inside job . What is the definition of inside?	Involving a person or organization that is not part of the larger organization.
en.trial.157	pizzicato	`` Trapeze '' begins with pizzicatos that plunge into a circuslike cacophony with rapid trills , busy , clashing textures and motion in every direction .	A note that is played pizzicato	noun	hypernym-based	`` Trapeze '' begins with pizzicatos that plunge into a circuslike cacophony with rapid trills , busy , clashing textures and motion in every direction . What is the definition of pizzicato?	A piece of pizzicata music.
en.trial.158	paternoster	A paternoster is any style of hook rig where the hook ( s ) are on droppers above a fixed sinker . One or two hooks are used on a paternoster rig . The droppers are tied using dropper loops tied directly in the line . The twisted dropper is an ideal knot as it stands out at right angles to the line .	A tackle rig with a heavy sinker at the end of the line , and one or more hooks on traces at right angles spaced above the sinker .	noun	hypernym-based	A paternoster is any style of hook rig where the hook ( s ) are on droppers above a fixed sinker . One or two hooks are used on a paternoster rig . The droppers are tied using dropper loops tied directly in the line . The twisted dropper is an ideal knot as it stands out at right angles to the line . What is the definition of paternoster?	A type of hook rig with a hook on the bottom of the line.
en.trial.159	prostitution	The television advertising job was a prostitution of the talents of one of the great writers of the century .	Debasement for profit or impure motives .	noun	hypernym-based	The television advertising job was a prostitution of the talents of one of the great writers of the century . What is the definition of prostitution?	The act of a prostitute.
en.trial.160	buckler	The target or buckler was carried by the heavy armed foot , it answered to the scutum of the Romans ; its form was sometimes that of a rectangular parallelogram , but more commonly had it 's bottom rounded off ; it was generally convex , being curved in it 's breadth .	A shield resembling the Roman scutum . In modern usage , a smaller variety of shield is usually implied by this term .	noun	hypernym-based	The target or buckler was carried by the heavy armed foot , it answered to the scutum of the Romans ; its form was sometimes that of a rectangular parallelogram , but more commonly had it 's bottom rounded off ; it was generally convex , being curved in it 's breadth . What is the definition of buckler?	A weapon consisting of a curved metal plate, typically with a rounded end, used to carry a target.
en.trial.161	forthwith	Let ther be Light , said God , and forthwith Light , / Ethereal , first of things , quintessence pure , / Sprung from the Deep , [ ... ]	Without delay ; immediately .	adverb	synonym/antonym-based	Let ther be Light , said God , and forthwith Light , / Ethereal , first of things , quintessence pure , / Sprung from the Deep , [ ... ] What is the definition of forthwith?	With all due, without delay, without delay.
en.trial.162	perfection	The system runs to perfection .	The quality or state of being perfect or complete , so that nothing substandard remains ; the highest attainable state or degree of excellence	noun	paraphrastic	The system runs to perfection . What is the definition of perfection?	The state of being perfect ; perfectness.
en.trial.163	burning	The burnings continued all day .	A fire .	noun	synonym/antonym-based	The burnings continued all day . What is the definition of burning?	A violent, violent, or violent attack.
en.trial.164	worldwide	A large meteorite impact would cause worldwide extinction of life .	Spanning the world ; global .	adjective	paraphrastic;synonym/antonym-based	A large meteorite impact would cause worldwide extinction of life . What is the definition of worldwide?	Throughout the world.
en.trial.165	speckless	There was never a millionaire who had more speckless white suits than I had , though it 's a matter almost of routine for officers to go dirty on anything but the swell liners .	spotless , perfectly clean	adjective	paraphrastic;synonym/antonym-based	There was never a millionaire who had more speckless white suits than I had , though it 's a matter almost of routine for officers to go dirty on anything but the swell liners . What is the definition of speckless?	Not soiled or tanned ; not soiled or tanned.
en.trial.166	company	it was with a distinctly fallen countenance that his father hearkened to his mother 's parenthetical request to `` 'bide hyar an ' company leetle Moses whilst I be a-milkin ' the cow . ''	To accompany , keep company with .	verb	synonym/antonym-based	it was with a distinctly fallen countenance that his father hearkened to his mother 's parenthetical request to `` 'bide hyar an ' company leetle Moses whilst I be a-milkin ' the cow . '' What is the definition of company?	A group of people, especially a group of people who share a common interest.
en.trial.167	dead-end	a dead-end street	Going nowhere ; blocked .	adjective	paraphrastic;synonym/antonym-based	a dead-end street What is the definition of dead-end?	Having no intersection or intersections.
en.trial.168	dread	my visit to the doctor is filling me with dread	Great fear in view of impending evil ; fearful apprehension of danger ; anticipatory terror .	noun	hypernym-based	my visit to the doctor is filling me with dread What is the definition of dread?	a feeling of fearful anticipation
en.trial.169	system	Similar studies of rats have employed four different intracranial resorbable , slow sustained release systems—surgical foam , a thermal gel depot , a microcapsule or biodegradable polymer beads .	A collection of organized things ; a whole composed of relationships among its members .	noun	hypernym-based;paraphrastic	Similar studies of rats have employed four different intracranial resorbable , slow sustained release systems—surgical foam , a thermal gel depot , a microcapsule or biodegradable polymer beads . What is the definition of system?	A set of related elements, especially one that is a part of a larger whole.
en.trial.170	malice	Thou blinded God ( quod I ) forgive me this offence , / Unwittingly I went about , to malice thy pretence .	To intend to cause harm ; to bear malice .	verb	hypernym-based;paraphrastic	Thou blinded God ( quod I ) forgive me this offence , / Unwittingly I went about , to malice thy pretence . What is the definition of malice?	To cause harm to ; to harm.
en.trial.171	extol	Behold , my servant shall deal prudently , he shall be exalted and extolled , and be very high .	To praise ; to make high .	verb	synonym/antonym-based	Behold , my servant shall deal prudently , he shall be exalted and extolled , and be very high . What is the definition of extol?	To praise ; to praise.
en.trial.172	bubble	Delighted with this promenade , little Edith bubbled her joy without cessation .	To express in a bubbly or lively manner .	verb	hypernym-based	Delighted with this promenade , little Edith bubbled her joy without cessation . What is the definition of bubble?	To envelop in a bubbling sensation.
en.trial.173	comfort	We still have the spare tire ? That 's a comfort at least .	A consolation ; something relieving suffering or worry .	noun	synonym/antonym-based;paraphrastic	We still have the spare tire ? That 's a comfort at least . What is the definition of comfort?	Something that provides a pleasant or pleasant experience.
en.trial.174	campaign	an election campaign	A series of operations undertaken to achieve a set goal .	noun	hypernym-based	an election campaign What is the definition of campaign?	A series of public events, especially one involving public debate or public demonstration, in which candidates and their supporters attempt to win a political election.
en.trial.175	vibe	The couple canceled their night out when they got a bad vibe from the new babysitter .	An atmosphere or aura felt to belong to a person , place or thing .	noun	hypernym-based	The couple canceled their night out when they got a bad vibe from the new babysitter . What is the definition of vibe?	A person's attitude or attitude towards something.
en.trial.176	liar	She paused and took a defiant breath . 'If you do n't believe me , I ca n't help it . But I 'm not a liar . ' ¶ 'No , ' said Luke , grinning at her . 'You 're not dull enough ! What about the kid 's clothes ? I do n't suppose they were anything to write home about , but did n't you keep anything ? '	One who tells lies .	noun	paraphrastic	She paused and took a defiant breath . 'If you do n't believe me , I ca n't help it . But I 'm not a liar . ' ¶ 'No , ' said Luke , grinning at her . 'You 're not dull enough ! What about the kid 's clothes ? I do n't suppose they were anything to write home about , but did n't you keep anything ? ' What is the definition of liar?	A person who lies.
en.trial.177	volume	The letter `` G '' was found in volume 4 .	A single book of a publication issued in multi-book format , such as an encyclopedia .	noun	hypernym-based	The letter `` G '' was found in volume 4 . What is the definition of volume?	A set of letters, numbers, or other items in a book, magazine, or other publication.
en.trial.178	striper	I caught a striper today .	The striped bass , , a popular sport fish native to North America	noun	hypernym-based;synonym/antonym-based	I caught a striper today . What is the definition of striper?	A fish that is striped.
en.trial.179	beneficiary	beneficiary gifts	Bestowed as a gratuity .	adjective	paraphrastic	beneficiary gifts What is the definition of beneficiary?	Having a purpose or benefit.
en.trial.180	silence	When the motor stopped , the silence was almost deafening .	The absence of any sound .	noun	paraphrastic	When the motor stopped , the silence was almost deafening . What is the definition of silence?	The state of being silent.
en.trial.181	recapture	One specimen of milberti was recaptured after being at liberty for ten years , and it had grown only twenty inches .	To capture something for a second or subsequent time , especially after a loss .	verb	hypernym-based	One specimen of milberti was recaptured after being at liberty for ten years , and it had grown only twenty inches . What is the definition of recapture?	To capture.
en.trial.182	outbid	Bengal outbidded those of Delhi ; instead of searching for khalifahs for obtaining recognition , Sultan Sikandar Shah himself took the title .of Imam ul-Azam and Khalifat-ul-Muazzam .	To bid more than ( somebody else ) in an auction .	verb	hypernym-based	Bengal outbidded those of Delhi ; instead of searching for khalifahs for obtaining recognition , Sultan Sikandar Shah himself took the title .of Imam ul-Azam and Khalifat-ul-Muazzam . What is the definition of outbid?	To bid more than.
en.trial.183	bishopric	Later that year , he was appointed to the bishopric of Lindesmeere .	A diocese or region of a church which a bishop governs .	noun	hypernym-based	Later that year , he was appointed to the bishopric of Lindesmeere . What is the definition of bishopric?	The office or position of a bishop.
en.trial.184	series	A series of seemingly inconsequential events led cumulatively to the fall of the company .	A number of things that follow on one after the other or are connected one after the other .	noun	paraphrastic	A series of seemingly inconsequential events led cumulatively to the fall of the company . What is the definition of series?	A set of related events.
en.trial.185	motherfucker	I jammed my finger in the door yesterday . It hurt like a motherfucker .	An extremely intense experience , often but not always negative .	noun	hypernym-based	I jammed my finger in the door yesterday . It hurt like a motherfucker . What is the definition of motherfucker?	A woman.
en.trial.186	ingress	`` We ingressed North Vietnam over Cam Pha on a westerly heading , '' reported Captain Madden .	To enter ( a specified location or area )	verb	hypernym-based	`` We ingressed North Vietnam over Cam Pha on a westerly heading , '' reported Captain Madden . What is the definition of ingress?	To enter ; to enter.
en.trial.187	profane	profane authors	Not sacred or holy , unconsecrated ; relating to non-religious matters , secular .	adjective	synonym/antonym-based;paraphrastic	profane authors What is the definition of profane?	not in accordance with the moral principles of the Bible
en.trial.188	lugubrious	His client 's lugubrious expression tipped off the detective that something lurked beneath her optimistic words .	Gloomy , mournful or dismal , especially to an exaggerated degree .	adjective	hypernym-based	His client 's lugubrious expression tipped off the detective that something lurked beneath her optimistic words . What is the definition of lugubrious?	Having a lustful, lustful, or lustful manner ; lustful.
en.trial.189	forthwith	Then Proclamation was made , that they that had ought to say for their Lord the King against the Prisoner at the Bar , should forthwith appear and give in their evidence .	Without delay ; immediately .	adverb	synonym/antonym-based	Then Proclamation was made , that they that had ought to say for their Lord the King against the Prisoner at the Bar , should forthwith appear and give in their evidence . What is the definition of forthwith?	At once ; without delay.
en.trial.190	print	a print edition of a book	Of , relating to , or writing for printed publications .	adjective	paraphrastic	a print edition of a book What is the definition of print?	of or relating to printed matter
en.trial.191	crotch	to crotch the ends of ropes in splicing or tying knots	To provide with a crotch ; to give the form of a crotch to .	verb	paraphrastic	to crotch the ends of ropes in splicing or tying knots What is the definition of crotch?	To join by crotching.
en.trial.192	stuff	They totally stuffed us in that business deal .	To heavily defeat or get the better of .	verb	paraphrastic	They totally stuffed us in that business deal . What is the definition of stuff?	To extort money or other resources from.
en.trial.193	upset	The carriage upset when the horse bolted .	To be upset or knocked over .	verb	synonym/antonym-based	The carriage upset when the horse bolted . What is the definition of upset?	To become unsteady.
en.trial.194	unction	To be heir , and to be king / By sacred unction , thy deserved right .	A religious or ceremonial anointing .	noun	hypernym-based	To be heir , and to be king / By sacred unction , thy deserved right . What is the definition of unction?	A vow, a vow of obedience ; a vow of supplication.
en.trial.195	hoover	Then there is the little-known family of organisms called hantaviruses , which swarm in the micro-haze above the feces of mice and rats and are hoovered into the human respiratory system by anyone unlucky enough to stick a breathing orifice near them—by lying down , say , on a sleeping platform over which infected mice have recently scampered .	To suck in or inhale , as if by a vacuum cleaner .	verb	hypernym-based	Then there is the little-known family of organisms called hantaviruses , which swarm in the micro-haze above the feces of mice and rats and are hoovered into the human respiratory system by anyone unlucky enough to stick a breathing orifice near them—by lying down , say , on a sleeping platform over which infected mice have recently scampered . What is the definition of hoover?	To use a vacuum cleaner.
en.trial.196	pigment	Chlorophyll is the pigment responsible for most plants ' green colouring .	Any color in plant or animal cells	noun	hypernym-based	Chlorophyll is the pigment responsible for most plants ' green colouring . What is the definition of pigment?	A substance that is a constituent of a plant's colour.
en.trial.197	cloth	Like all cultural realities , contemporary modernism is packed with its own myths , its own largely unrecognized metaphors , its own poetics literally perceived -- or should we say , `` misperceived '' ? -- its own reifications and idiosyncratic distinctions . And it comes to us decorated in the cloth of emancipation , a new freedom that would seem to liberate us from those restraints and bonds that were the excretions of an older mindset , an alien political and social order , a rigid and stultifying hierarchy now perceived as riddled with superstition , arbitrary premise , and false conjunction — in contrast , of course , to the liberated mindset that bespeaks our own age !	Appearance ; seeming .	noun	synonym/antonym-based	Like all cultural realities , contemporary modernism is packed with its own myths , its own largely unrecognized metaphors , its own poetics literally perceived -- or should we say , `` misperceived '' ? -- its own reifications and idiosyncratic distinctions . And it comes to us decorated in the cloth of emancipation , a new freedom that would seem to liberate us from those restraints and bonds that were the excretions of an older mindset , an alien political and social order , a rigid and stultifying hierarchy now perceived as riddled with superstition , arbitrary premise , and false conjunction — in contrast , of course , to the liberated mindset that bespeaks our own age ! What is the definition of cloth?	A covering or covering.
en.trial.198	clearance	The plane got clearance from air traffic control , and we were off .	A permission for a vehicle to proceed , or for a person to travel .	noun	synonym/antonym-based	The plane got clearance from air traffic control , and we were off . What is the definition of clearance?	The act of allowing someone or something to enter or leave a place.
en.trial.199	sedentary	that any education that confined itself to sedentary pursuits was essentially imperfect , that the body as well as the mind should be cultivated	Not moving much ; sitting around .	adjective	paraphrastic	that any education that confined itself to sedentary pursuits was essentially imperfect , that the body as well as the mind should be cultivated What is the definition of sedentary?	Not active or active ; not engaged in activity.
en.trial.200	motto	'Gentlemen , I can tell you what the new queen will take as her motto . It is Bound to Obey and Serve . '	A sentence , phrase , or word , forming part of an heraldic achievement .	noun	hypernym-based	'Gentlemen , I can tell you what the new queen will take as her motto . It is Bound to Obey and Serve . ' What is the definition of motto?	A phrase or phrase of a specified kind, especially one used as a symbol of a particular religion or political party.
